Issue Type,Summary,Epic Name,Epic Link,Labels,Status,Description
Epic,P0: รากฐาน (Foundation),P0 รากฐาน,,,Done,"เป้าหมาย: gateway + auth + web shell รันทั้ง stack ด้วย docker-compose ในเครื่อง → สมัคร/ล็อกอินผ่าน Kong เข้าหน้า account ได้จริง (8 task)

API (ผ่าน Kong :8080):
POST /api/auth/register · public → in {email,username,password} → 201 {id,username,email,role:BUYER} · err 400,409
POST /api/auth/login · public → in {username,password} → 200 {accessToken,expiresIn}+Set-Cookie refresh · err 401
POST /api/auth/refresh · cookie → 200 {accessToken,expiresIn} · err 401
POST /api/auth/logout · Bearer → 204 · err 401
GET /api/users/me · Bearer → 200 {id,username,email,role} · err 401
GET /health · public → 200 {status:UP}"
Story,P0-T1: marketplace-common,,P0 รากฐาน,BE,Done,"ทำ: lib กลาง (Java): JwtVerifier(HS512) + RFC7807 error model + @RestControllerAdvice handler → publish com.taskeendev:marketplace-common:0.1.0 ไป GitHub Packages

Verify: mvn -q -DskipTests install ผ่าน + service อื่น depend แล้ว resolve ได้"
Story,P0-T2: marketplace-auth scaffold,,P0 รากฐาน,BE,Done,"ทำ: Boot+Maven+Postgres+Flyway+common+springdoc · Flyway V1__users.sql, V2__refresh_tokens.sql

Verify: Testcontainers ขึ้น Postgres + app boot + /health→200 + /swagger-ui ขึ้น"
Story,P0-T3: auth register/login/JWT,,P0 รากฐาน,BE,Done,"ทำ: issue access JWT(HS512, TTL 15m, sub=username, role) + refresh (hash เก็บ DB, HttpOnly cookie 14 วัน)

Verify: integration test register→login ได้ token, /users/me ใช้ token ได้"
Story,P0-T4: auth refresh/logout/me + roles,,P0 รากฐาน,BE,Done,"ทำ: rotate refresh + reuse-detection; role default BUYER

Verify: test refresh ได้ token ใหม่, logout แล้วใช้ refresh เดิมไม่ได้"
Story,P0-T5: marketplace-gateway (Kong),,P0 รากฐาน,GW,Done,"ทำ: declarative kong.yml: route /api/auth,/api/users→auth; plugin verify HS512 + inject X-Auth-User/Role; rate-limit; CORS; correlation-id

Verify: ยิงผ่าน :8080 ทะลุไป auth, token เสีย→401 ที่ Kong"
Story,P0-T6: marketplace-deploy,,P0 รากฐาน,Infra,Done,"ทำ: docker-compose.yml (kong+auth+postgres-auth) + .env.example + run.sh + smoke.sh

Verify: ./run.sh --build -d ขึ้นครบ healthy"
Story,P0-T7: marketplace-web shell,,P0 รากฐาน,FE,Done,"ทำ: Vite/TS/Tailwind/shadcn: config.ts(env), api/client.ts(fetch+JWT memory+refresh-on-401), auth.tsx+ProtectedRoute, i18n locales/{en,th}.ts, หน้า Login/Register/Account, ApiStatus

Verify: npm run build ผ่าน, ล็อกอินผ่าน Kong ได้, สลับ TH/EN ได้"
Story,P0-T8: smoke P0,,P0 รากฐาน,Infra,Done,"ทำ: smoke.sh: register→login→/users/me ผ่าน gateway = 200

Verify: smoke เขียว"
Epic,P1: แก่น marketplace (web MVP),P1 แก่น marketplace,,,Done,"เป้าหมาย: marketplace หลายผู้ขายครบลูปบน web — เปิดร้าน/ลงสินค้า/ตั้งสต็อก; ผู้ซื้อค้นหา-ใส่ตะกร้า-checkout(จำลอง)-ดูออเดอร์; ตัดสต็อก atomic กัน oversell; ผู้ขายอัปสถานะ; TH/EN (~14 task)

API catalog:
GET /api/catalog/categories · public → 200 [{id,slug,nameEn,nameTh}]
POST /api/catalog/shops · SELLER → in {name,slug?,description} → 201 {shop} · err 403,409
GET /api/catalog/shops/me · SELLER → 200 {shop} · err 404
GET /api/catalog/shops/{slug} · public → 200 {shop+products} · err 404
POST /api/catalog/shops/me/products · SELLER → in {categoryId,titleEn,titleTh,descEn,descTh,priceBaht,imageUrls[],stockQty,status?} → 201 {product} · err 400,403
PUT /api/catalog/shops/me/products/{id} · SELLER → 200 {product} · err 400,403,404
GET /api/catalog/shops/me/products · SELLER → 200 [{product+stockQty}] · err 403
GET /api/catalog/products · public → ?q=&categoryId=&page=&size= → 200 {items[],page,total}
GET /api/catalog/products/{id} · public → 200 {product+images+stockQty} · err 404
POST /api/catalog/inventory/decrement · internal → in {items[{productId,qty}],idempotencyKey} → 200 {ok:true} · err 409 {outOfStock[]}

API order:
GET /api/orders/cart · BUYER → 200 {items[],total} · err 401
POST /api/orders/cart/items · BUYER → in {productId,qty} → 200 {cart} · err 400,404
PUT /api/orders/cart/items/{productId} · BUYER → in {qty} → 200 {cart} · err 400,404
DELETE /api/orders/cart/items/{productId} · BUYER → 200 {cart} · err 404
POST /api/orders/checkout · BUYER → 201 {orders[{orderId,shopName,status:paid_mock,totalBaht}]} · err 409 {outOfStock[]}
GET /api/orders/me · BUYER → 200 [orders+items] · err 401
GET /api/orders/shops/me · SELLER → ?status= → 200 [orders ของร้าน] · err 403
PATCH /api/orders/{id}/status · SELLER → in {status} → 200 {orderId,status} · err 400,403,404

API auth (เพิ่ม):
POST /api/users/me/become-seller · Bearer → 200 {role:SELLER} (ต้อง refresh token) · err 401"
Story,P1-T1: catalog scaffold + category,,P1 แก่น marketplace,BE,Done,"ทำ: Boot+Maven+Postgres+Flyway · category + seed (Fashion/Food/Gadget…) · GET /api/catalog/categories

Verify: คืน list หมวด"
Story,P1-T2: auth become-seller,,P1 แก่น marketplace,BE,Done,"ทำ: POST /api/users/me/become-seller เปลี่ยน role→SELLER (ต้อง refresh token ใหม่)

Verify: test BUYER→SELLER"
Story,P1-T3: shop,,P1 แก่น marketplace,BE,Done,"ทำ: สร้าง/ดูร้าน (เจ้าของ 1 ร้าน/คนใน MVP)

Verify: SELLER สร้างร้านได้, BUYER โดน 403"
Story,P1-T4: product CRUD (seller),,P1 แก่น marketplace,BE,Done,"ทำ: ลง/แก้/ลบ/ดูสินค้าของร้านตัวเอง (i18n field + ราคา + รูป URL + สต็อกเริ่มต้น)

Verify: ลงสินค้าแล้ว inventory ถูกสร้าง stock=ที่กรอก"
Story,P1-T5: inventory decrement (atomic+idempotent),,P1 แก่น marketplace,BE,Done,"ทำ: POST /api/catalog/inventory/decrement: UPDATE…WHERE stock_qty>=qty + เขียน stock_ledger ตาม idempotency_key

Verify: เทสต์ขนานบน stock=1 → สำเร็จ 1 อันเท่านั้น; ยิงซ้ำ key เดิม → ไม่ตัดเบิ้ล"
Story,P1-T6: public browse/search,,P1 แก่น marketplace,BE,Done,"ทำ: GET /products (q+categoryId+paging, PG full-text บน title), GET /products/{id}

Verify: ค้นหาเจอ, สินค้า banned/draft ไม่โผล่"
Story,P1-T7: order scaffold + cart,,P1 แก่น marketplace,BE,Done,"ทำ: Boot+Postgres+Flyway · ตะกร้าต่อผู้ซื้อ (เพิ่ม/แก้จำนวน/ลบ)

Verify: เพิ่มของลงตะกร้าแล้วดูได้"
Story,P1-T8: checkout (mock),,P1 แก่น marketplace,BE,Done,"ทำ: POST /api/orders/checkout: แตกตะกร้าตามร้าน → catalog decrement (idempotency=orderId) → สร้าง order/order_item (paid_mock) → เคลียร์ตะกร้า; ของหมด rollback ทั้งบิล

Verify: checkout สำเร็จ stock ลด; ของหมด → 409 ไม่สร้าง order"
Story,P1-T9: orders (buyer/seller),,P1 แก่น marketplace,BE,Done,"ทำ: buyer ดูออเดอร์ตัวเอง; seller ดูออเดอร์ร้าน + อัปสถานะ (paid_mock→shipped→done)

Verify: เห็นตรงฝั่ง, อัปสถานะผิดลำดับ → 400"
Story,P1-T10: gateway + deploy ขยาย,,P1 แก่น marketplace,GW,Done,"ทำ: Kong route /api/catalog,/api/orders; compose เพิ่ม catalog+order+postgres แต่ละตัว

Verify: ยิงผ่าน :8080 ได้ทั้งคู่"
Story,P1-T11: web — storefront + product,,P1 แก่น marketplace,FE,Done,"ทำ: หน้าหลัก (หมวด+ค้นหา), หน้าสินค้า (รูป/ราคา/สต็อก/ปุ่มใส่ตะกร้า)

Verify: เลือกสินค้า→ใส่ตะกร้าได้"
Story,P1-T12: web — cart + checkout + my orders,,P1 แก่น marketplace,FE,Done,"ทำ: ตะกร้า, checkout(จำลอง)→หน้ายืนยัน, ออเดอร์ของฉัน

Verify: ครบลูปซื้อ"
Story,P1-T13: web — seller dashboard,,P1 แก่น marketplace,FE,Done,"ทำ: become-seller, ร้านฉัน, สินค้า CRUD+สต็อก, ออเดอร์ร้าน+อัปสถานะ

Verify: ผู้ขายจัดการได้ครบ"
Story,P1-T14: i18n + smoke P1,,P1 แก่น marketplace,FE,Done,"ทำ: เพิ่ม key TH/EN ครบ (shop/seller/cart/order); smoke.sh ครบลูป + oversell test

Verify: smoke เขียว, สลับภาษาครบ"
Epic,P2: แชต real-time (พระเอก),P2 แชต real-time,,,Done,"เป้าหมาย: buyer↔seller คุยสดจากหน้าสินค้า (WebSocket), เก็บประวัติ, รายการห้อง, unread — รากฐานให้ P4 (Hermes) ตอบอัตโนมัติทีหลัง (10 task). ห้อง = ต่อร้าน (1 ห้อง/คู่ buyer–shop), scope Lean core, transport = Raw WebSocket

REST /api/chat (identity จาก X-Auth-User/Role):
POST /api/chat/conversations · BUYER → in {productId} → 200 {id,shopId,shopName,productId,lastMessageAt} (find-or-create) · err 400,404
GET /api/chat/conversations · BUYER/SELLER → 200 [{id,shopId,shopName,productId,lastMessage,unread,lastMessageAt}] · err 401
GET /api/chat/conversations/{id}/messages · participant → ?before=&limit= → 200 [messages] · err 403,404
POST /api/chat/conversations/{id}/read · participant → 204 · err 403,404

WebSocket /ws/chat (JSON frames, auth ด้วย frame แรก):
client→ {type:auth,token} (frame แรก) → {type:authed} ; ผิด close 4401
client→ {type:send,conversationId,body} → persist+push buyer+shop ; ไม่ใช่คู่ close 4403
→client {type:message,message:{...}} (echo ทั้งสองฝั่ง)
→client {type:error,detail}"
Story,P2-T1: chat scaffold + data model,,P2 แชต real-time,BE,Done,"ทำ: Boot+Postgres(chatdb)+Flyway+common+websocket · ตาราง conversation/message · health

Verify: boot + Testcontainers"
Story,P2-T2: CatalogClient + สร้างห้อง,,P2 แชต real-time,BE,Done,"ทำ: CatalogClient (product→shop, shops/me→shopId) + POST /conversations find-or-create

Verify: ยิงซ้ำ productId เดิม → ห้องเดิม"
Story,P2-T3: รายการห้อง + unread,,P2 แชต real-time,BE,Done,"ทำ: GET /conversations (buyer by username / seller by shopId) + unread count

Verify: เห็นถูกฝั่ง, unread ถูก"
Story,P2-T4: ประวัติข้อความ + guard,,P2 แชต real-time,BE,Done,"ทำ: GET /{id}/messages?before=&limit= + participant guard

Verify: คนนอกห้อง → 403"
Story,P2-T5: mark-read,,P2 แชต real-time,BE,Done,"ทำ: POST /{id}/read (set last_read_at ตามฝั่ง)

Verify: read แล้ว unread = 0"
Story,P2-T6: WS endpoint + auth + registry,,P2 แชต real-time,BE,Done,"ทำ: /ws/chat TextWebSocketHandler, frame แรก auth (common.JwtVerifier), in-memory registry

Verify: auth ✓ → authed / ผิด → ปิด 4401"
Story,P2-T7: WS send + delivery,,P2 แชต real-time,BE,Done,"ทำ: {type:send} persist + push ไป buyer+shop (echo), guard ไม่ใช่คู่ → 4403

Verify: 2 client ส่ง→อีกฝั่งได้รับจริง"
Story,P2-T8: gateway + deploy,,P2 แชต real-time,GW,Done,"ทำ: Kong route /api/chat+/ws/chat (WS upgrade); compose เพิ่ม chat+postgres-chat; run.sh

Verify: ยิงผ่าน :8080 + WS ทะลุ"
Story,P2-T9: web — chat page,,P2 แชต real-time,FE,Done,"ทำ: ปุ่ม แชตผู้ขาย หน้าสินค้า + หน้า /chat (list+thread+WS send/recv+mark-read)

Verify: คุยสองทางผ่าน Kong"
Story,P2-T10: web — unread badge + i18n + smoke,,P2 แชต real-time,FE,Done,"ทำ: badge unread ใน header, i18n TH/EN, e2e smoke P2

Verify: badge อัปเดต, สลับภาษา, smoke เขียว"
Epic,P3: omnichannel social (FB/IG),P3 omnichannel social,,,Done,"3 ระบบอิสระ แตกเป็น sub-phase, mock external Meta ก่อน (⚠️ blocker: Meta Business verification):
- P3a Omnichannel inbox (FB Messenger DM → รวมกล่องแชต P2) — เสร็จ 2026-07-01
- P3b Product sync (catalog → FB/IG Shops)
- P3c Social login (FB/IG OAuth) — skeleton

P3a internal/REST API:
GET /webhooks/fb · social · public → Meta webhook verify (echo hub.challenge)
POST /webhooks/fb · social · Meta sig → รับ event → normalize → chat /internal/inbound
POST /internal/social/simulate-inbound · social · internal → จำลอง FB inbound
POST /internal/social/send · social · X-Internal-Key → mock Meta Send + outbound_log
POST /internal/chat/inbound · chat · X-Internal-Key → find-or-create external conv + persist + broadcast WS
POST /api/social/connections · social · SELLER → เชื่อม FB Page (mock) ผูก pageId↔shop

P3b API (reuse /api/social):
POST /api/social/sync · SELLER → ดึง /shops/me/products → mock push → upsert → {synced,syncedAt}
GET /api/social/sync · SELLER → {count,lastSyncedAt}"
Story,P3a-T1: scaffold marketplace-social,,P3 omnichannel social,BE,Done,"ทำ: scaffold marketplace-social (:8085, Postgres+Flyway+common) + page_connection + webhook verify (GET challenge)

Verify: boot + test"
Story,P3a-T2: chat extend external + inbound,,P3 omnichannel social,BE,Done,"ทำ: chat extend conversation/message (channel/external) + POST /internal/chat/inbound (find-or-create external + broadcast WS)

Verify: test"
Story,P3a-T3: social receive webhook,,P3 omnichannel social,BE,Done,"ทำ: social: receive POST /webhooks/fb → normalize → เรียก chat /inbound + POST /internal/social/simulate-inbound

Verify: test"
Story,P3a-T4: outbound send (mock Meta),,P3 omnichannel social,BE,Done,"ทำ: seller ตอบในห้อง fb → chat เรียก social /internal/send → mock send + outbound_log

Verify: test"
Story,P3a-T5: gateway + deploy + smoke,,P3 omnichannel social,GW,Done,"ทำ: Kong route /api/social + /webhooks/fb · compose +social +postgres-social · run.sh build social · smoke step 11

Verify: smoke step 11 เขียว (ทะลุ Kong)"
Story,P3a-T6: web — channel badge + connect FB,,P3 omnichannel social,FE,Done,"ทำ: web: channel badge + external name ใน /chat + connect FB (mock) + ปุ่ม dev simulate

Verify: seller เห็น FB message + ตอบได้"
Story,P3b-T1: product sync BE,,P3 omnichannel social,BE,Done,"ทำ: social: published_product + CatalogClient.listMyProducts (forward identity) + FbCatalog(mock) + POST/GET /api/social/sync

Verify: sync ดึง N (MockWebServer stub) → published_product N + mock pusher ถูกเรียก; re-sync upsert; non-seller 403"
Story,P3b-T2: product sync FE + smoke,,P3 omnichannel social,FE,Done,"ทำ: web: ปุ่ม Sync สินค้าไป Facebook + สถานะ + i18n + smoke step 12

Verify: seller sync → GET status = N (ทะลุ Kong)"
Story,P3c-T1 auth: FB OAuth,,P3 omnichannel social,BE,Done,"ทำ: real FB OAuth: app_user +external_provider_id + password nullable; GraphClient (code→token→profile); FbOAuthService; AuthService.socialLogin (find-by-provider→link-by-email→create BUYER); GET/POST /api/auth/oauth/fb/{login-url,callback}

Verify: tests mock Graph: new/link/existing; login-url live ผ่าน Kong"
Story,P3c-T2 web: Login with Facebook,,P3 omnichannel social,FE,Done,"ทำ: web ปุ่ม Continue with Facebook + /oauth/fb/callback route + api/auth + i18n; compose auth FB_* env

Verify: npm run build; login-url redirect FB; callback set token"
Epic,P4: Hermes AI agent + admin,P4 Hermes AI + admin,,,To Do,"เป้าหมาย: ตอบลูกค้าอัตโนมัติ (เรียกข้อมูลจริง) + เครื่องมือ admin. marketplace-agent รัน Hermes (self-host), ห่อ catalog/order เป็น tool/MCP, guardrail, hook เข้า chat. admin: นาทีทอง (flash-sale), ban (user/ร้าน/สินค้า), จัดการ caption. ⚠️ เคาะโมเดลไทย+งบ LLM ก่อนเริ่ม"
Story,P4a-T1 agent: scaffold + config + tools,,P4 Hermes AI + admin,BE,Done,"ทำ: scaffold marketplace-agent (:8086, agentdb, common) + agent_config + POST/GET /api/agent/config (SELLER toggle) + CatalogClient/OrderClient read-only tools

Verify: boot+test; toggle เปิด/ปิดต่อร้าน"
Story,P4a-T2 chat: /internal/chat/reply + notify agent,,P4 Hermes AI + admin,BE,Done,"ทำ: chat: POST /internal/chat/reply (บอท reply sender=hermes + broadcast + outbound relay) + AgentClient + ยิง agent เมื่อมีข้อความฝั่งลูกค้า (best-effort, กัน loop) + AGENT_URL

Verify: reply post+broadcast; customer msg → notify; seller/bot → ไม่ยิง"
Story,P4a-T3 agent: incoming + MockLlmAgent,,P4 Hermes AI + admin,BE,Done,"ทำ: agent: POST /internal/agent/incoming → LlmAgent + MockLlmAgent (intent→tool→templated, guardrail) → post via chat + agent_reply_log

Verify: MockWebServer stub catalog/order/chat: ตอบอิง tool data; disabled shop → no-op"
Story,P4a-T4 gateway/deploy + smoke step 13,,P4 Hermes AI + admin,GW,To Do,"ทำ: Kong route /api/agent + compose +agent+postgres-agent + chat AGENT_URL + run.sh build agent + smoke step 13

Verify: enable Hermes → ลูกค้าถามราคา → บอทตอบราคาจริง ผ่าน Kong; ปิด → ไม่ตอบ"
Story,P4a-T5 web: Hermes toggle + bot badge,,P4 Hermes AI + admin,FE,To Do,"ทำ: web: seller dashboard 🤖 Hermes on/off toggle + ป้าย 🤖 บนข้อความ hermes + i18n

Verify: npm run build; toggle ทำงาน; บอทมีป้าย"
Epic,P5: จ่ายเงินจริง + รีวิว,P5 ทีหลัง,,,To Do,จ่ายเงินจริง (PromptPay/บัตร) · รีวิว/ดาว · wishlist · ระบบแนะนำสินค้า
Story,[debt] D1: seller resolve shop ไม่ cache (ยิง catalog ทุก request),,P2 แชต real-time,tech-debt,Done,"🔧 **chat · BE** · 🟡 medium

**ปัญหา (อธิบายง่ายๆ):** chat service ต้องรู้ว่า seller ที่ล็อกอินเป็นเจ้าของร้านไหน แต่ตอนนี้ทุกครั้งที่ seller เรียก GET /shops/me มันวิ่งไปถาม catalog service ใหม่ทุกครั้ง (ไม่เก็บคำตอบไว้ใช้ซ้ำ) ทำให้ยิงข้ามเซอร์วิสเยอะเกินจำเป็นและช้าลง.

**วิธีแก้:** cache ค่า shop_id ของ seller (เช่น Caffeine + TTL) หรือฝัง shop_id เป็น claim ใน JWT ตั้งแต่แรก จะได้ไม่ต้องถาม catalog ซ้ำ.

**✅ Acceptance — ถือว่าเสร็จเมื่อผ่านทุกข้อ**

| # | ทดสอบอะไร (สถานการณ์) | ✅ ผ่าน | ❌ ไม่ผ่าน |
| --- | --- | --- | --- |
| 1 | seller คนเดียวยิง GET /shops/me 10 ครั้งติดกัน แล้วนับจำนวนครั้งที่ catalog ถูกเรียกจริง (ใช้ MockWebServer นับ request) | catalog ถูกเรียก = 1 ครั้ง | catalog ถูกเรียก 10 ครั้ง (ยิงทุก request) |
| 2 | เทียบ shop_id ที่ได้จากครั้งที่ 1 กับครั้งที่ 10 ว่าตรงกันและตรงกับที่ catalog ให้จริง (cache ต้องไม่ทำให้ตอบผิด) | shop_id เท่ากันทั้ง 2 ครั้ง และตรงกับ catalog | คืน shop_id ผิด หรือคืน null หลังใช้ cache |
| 3 | รอให้ cache หมดอายุ (เกิน TTL) แล้วยิง GET /shops/me อีกครั้ง | catalog ถูกเรียกเพิ่มอีก 1 ครั้งเพื่อ refresh | ไม่ refresh เลย (ใช้ค่าเก่าค้างตลอด) หรือกลับไปเรียกทุก request |
| 4 | seller 2 คน (คนละร้าน) ยิง GET /shops/me สลับกัน | แต่ละคนได้ shop_id ของร้านตัวเอง (cache แยกตาม user) | ได้ shop_id ของ seller อีกคน (cache ปนกัน) |"
Story,[debt] D4: WS session registry in-memory ตัวเดียว,,P2 แชต real-time,tech-debt,To Do,"🔧 **chat · BE** · 🟡 medium

**ปัญหา (อธิบายง่ายๆ):** ตอนนี้ chat เก็บว่าใครออนไลน์อยู่ที่ WebSocket ไหน ไว้ในหน่วยความจำของเครื่องตัวเดียว ถ้ารัน chat หลายเครื่อง (ต่อ load balancer) คนที่เชื่อมคนละเครื่องจะส่งข้อความหากันไม่ได้ เพราะแต่ละเครื่องไม่รู้ว่าอีกเครื่องมี user คนไหนต่ออยู่.

**วิธีแก้:** ใช้ Redis pub/sub เป็นตัวกลางกระจายข้อความ (fan-out) ให้ถึงทุก instance.

**✅ Acceptance — ถือว่าเสร็จเมื่อผ่านทุกข้อ**

| # | ทดสอบอะไร (สถานการณ์) | ✅ ผ่าน | ❌ ไม่ผ่าน |
| --- | --- | --- | --- |
| 1 | [ต้องมี infra: Redis + chat 2 instance หลัง LB] client A ต่อ instance-1, client B ต่อ instance-2, A ส่งข้อความหา B | B ได้รับข้อความภายใน 2 วินาที | B ไม่ได้รับเลย |
| 2 | ปิด Redis แล้วส่งข้อความ | service แจ้ง error/log ชัดว่า Redis ล่ม ไม่ค้างเงียบ | ข้อความหายเงียบ ไม่มี log |
| 3 | ส่งข้อความ 1 ครั้งจาก A ตอน B ต่ออยู่ instance เดียวกับ A | B ได้รับ 1 ข้อความ (ไม่ซ้ำ ไม่ทวีคูณจาก fan-out) | B ได้รับซ้ำมากกว่า 1 ครั้ง |"
Story,[debt] D5: WS delivery ใช้ synchronized(session),,P2 แชต real-time,tech-debt,Done,"🔧 **chat · BE** · 🟢 low

**ปัญหา (อธิบายง่ายๆ):** WebSocketSession หนึ่งตัวไม่ปลอดภัยเมื่อหลาย thread ส่งข้อความเข้าไปพร้อมกัน (จะเจอ IllegalStateException เพราะ frame ก่อนหน้ายังส่งไม่เสร็จ). ตอนนี้กันด้วยการ synchronized(session) ล็อกเอง ซึ่งใช้ได้แต่ทำให้ทุก thread ต้องรอต่อคิวกัน พอคนแชทเยอะพร้อมกันจะช้า/คอขวด.

**วิธีแก้:** ห่อ session ด้วย ConcurrentWebSocketSessionDecorator (มี buffer จัดคิวส่งให้ปลอดภัยโดยไม่ต้อง block ล็อกเอง).

**✅ Acceptance — ถือว่าเสร็จเมื่อผ่านทุกข้อ**

| # | ทดสอบอะไร (สถานการณ์) | ✅ ผ่าน | ❌ ไม่ผ่าน |
| --- | --- | --- | --- |
| 1 | ยิง 100 send พร้อมกัน (concurrent) ไปที่ session เดียว — ต้องมี load/concurrency test harness | เกิด IllegalStateException 0 ครั้ง | เจอ IllegalStateException มากกว่า 0 ครั้ง |
| 2 | client ปลายทางนับ frame ที่รับได้จากข้อ 1 | รับครบ 100 frame ไม่ตกหล่น | รับได้น้อยกว่า 100 |
| 3 | ตรวจเนื้อหาแต่ละ frame ที่รับ | ทุก frame ครบสมบูรณ์ ไม่มี partial/ปนกัน | มี frame เพี้ยนหรือเนื้อหาปนกัน |
| 4 | ตรวจโค้ด delivery path | ใช้ ConcurrentWebSocketSessionDecorator ไม่มี synchronized(session) เหลือ | ยังใช้ synchronized(session) ล็อกเอง |"
Story,[debt] D6: web WS ไม่มี auto-reconnect/token-refresh,,P2 แชต real-time,tech-debt,To Do,"🔧 **web · FE** · 🟢 low

**ปัญหา (อธิบายง่ายๆ):** หน้าเว็บเปิด WebSocket ค้างไว้เพื่อรับข้อความ real-time แต่ถ้าเน็ตหลุดหรือ token หมดอายุ มันไม่ต่อกลับเองและไม่ขอ token ใหม่ ผู้ใช้เลยต้องกด refresh หน้าจอเองถึงจะรับข้อความต่อได้

**วิธีแก้:** ทำให้ WS ต่อกลับเอง (reconnect) + ขอ token ใหม่ (re-auth) + ส่ง heartbeat เช็คว่ายังต่ออยู่

**✅ Acceptance — ถือว่าเสร็จเมื่อผ่านทุกข้อ**

| # | ทดสอบอะไร (สถานการณ์) | ✅ ผ่าน | ❌ ไม่ผ่าน |
| --- | --- | --- | --- |
| 1 | [e2e] เปิดหน้าเว็บที่ต่อ WS อยู่ แล้วสั่ง drop connection จากฝั่ง server | client ต่อกลับเองภายใน ~5 วินาที (ไม่ต้อง refresh หน้า) | ค้าง ต้อง refresh หน้าถึงจะต่อใหม่ |
| 2 | หลังต่อกลับ ให้อีก tab/user ส่งข้อความใหม่เข้ามา | หน้าเว็บรับและแสดงข้อความใหม่ได้ทันที | ข้อความไม่มา ต้อง refresh |
| 3 | ทำให้ token หมดอายุก่อน แล้ว trigger reconnect | ขอ token ใหม่อัตโนมัติแล้วต่อ WS สำเร็จ (สถานะ connected) | ต่อไม่ติดเพราะ token เก่า / เด้ง 401 ค้าง |
| 4 | ปล่อยหน้าเว็บเปิดค้างไว้เฉยๆ (idle) แล้วดู network | มี heartbeat ping-pong เป็นระยะ และสถานะยังเป็น connected | ไม่มี heartbeat หรือ connection ตายเงียบโดยไม่รู้ตัว |"
Story,[debt] O1: checkout decrement-then-create → stock leak,,P1 แก่น marketplace,tech-debt bug,To Do,"🔧 **order · BE** · 🟡 medium

**ปัญหา (อธิบายง่ายๆ):** ตอน checkout ระบบทำ 2 สเต็ปแยกกัน — (1) สั่ง catalog ตัดสต็อกก่อน (2) ค่อยสร้าง order (อยู่คนละ DB). ถ้าระบบพังหรือ crash หลังตัดสต็อกไปแล้วแต่ยังไม่ทันสร้าง order = ของหายจากสต็อกทั้งที่ไม่มีออเดอร์จริง (สต็อกรั่ว).

**วิธีแก้:** ทำ reconcile job ที่ใช้ idempotencyKey ตรวจว่ามี stock_ledger ตัดไปแต่ไม่มี order ผูก แล้วคืนสต็อกกลับ (หรือใช้ outbox/saga).

**✅ Acceptance — ถือว่าเสร็จเมื่อผ่านทุกข้อ**

| # | ทดสอบอะไร (สถานการณ์) | ✅ ผ่าน | ❌ ไม่ผ่าน |
| --- | --- | --- | --- |
| 1 | mock ให้ orders.save โยน error หลัง catalog.decrement (จำลอง crash คั่นกลาง) | catalog stock ลดลง −qty และตาราง orders = 0 แถว (reproduce อาการรั่วได้) | ไม่เกิดอาการ / มี order โผล่มาทั้งที่ควรพัง |
| 2 | รัน reconcile job หลังเกิดเคสข้อ 1 | catalog stock กลับมาเท่าเดิม (คืน +qty ครบ) | สต็อกยังหาย ไม่ถูกคืน |
| 3 | หลัง reconcile เสร็จ นับ stock_ledger ที่ idempotencyKey นั้นซึ่งไม่มี order ผูก | มีจำนวน = 0 (ไม่มี ledger ค้างที่ไม่มีออเดอร์) | ยังมี ledger ค้างมากกว่า 0 แถว |
| 4 | รัน reconcile job ซ้ำ 2 ครั้งบน idempotencyKey เดิม | สต็อกคืนแค่ครั้งเดียว ไม่คืนซ้ำซ้อน (idempotent) | สต็อกถูกบวกคืนเกิน qty |

**🔒 เงื่อนไขความปลอดภัย:**

| # | ทดสอบอะไร (สถานการณ์) | ✅ ผ่าน | ❌ ไม่ผ่าน |
| --- | --- | --- | --- |
| 5 | ยิง checkout ตรงจากภายนอก (ไม่ผ่านหน้าเว็บจริง — ไม่มี Origin ของเว็บ) | ถูกปฏิเสธ 403 | ทำรายการได้ = ช่องโหว่ |

_(ตาม card verify web origin — MAR-74)_"
Story,[debt] C1: inventory concurrent same idempotencyKey → 500,,P1 แก่น marketplace,tech-debt bug,Done,"🔧 **catalog · BE** · 🟡 medium

**ปัญหา (อธิบายง่ายๆ):** เวลามี 2 request ที่ใช้ idempotencyKey ตัวเดียวกันวิ่งเข้ามาพร้อมกัน ตัว DB มีกฎห้ามคีย์ซ้ำ (unique) ตัวแรกเขียนสำเร็จ ส่วนตัวที่มาทีหลังโดน error คีย์ซ้ำแล้วเด้ง 500 ทั้งที่จริงๆ มันควรได้ผลลัพธ์เดิมกลับไปเฉยๆ.

**วิธีแก้:** ดัก error คีย์ซ้ำ (unique-violation) แล้วมองว่าเป็น no-op / upsert คืนผลเดิมแทนที่จะโยน 500.

**✅ Acceptance — ถือว่าเสร็จเมื่อผ่านทุกข้อ**

| # | ทดสอบอะไร (สถานการณ์) | ✅ ผ่าน | ❌ ไม่ผ่าน |
| --- | --- | --- | --- |
| 1 | ยิงขนาน 2 request idempotencyKey เดียวกันพร้อมกัน | ทั้ง 2 ตอบ 2xx, จำนวน response ที่เป็น 5xx = 0 | มีตัวใดตัวหนึ่งได้ 500 |
| 2 | เช็ค stock_ledger หลังยิง 2 request ข้อ 1 | มี 1 แถวต่อ key (ไม่มีแถวซ้ำ) | มี 0 หรือมากกว่า 1 แถวต่อ key |
| 3 | ยิง request เดิมซ้ำแบบเรียงกัน (retry) ด้วย key เดิม | คืนผลเดิม, สต็อกไม่ถูกตัดซ้ำ | error หรือสต็อกถูกตัดอีกรอบ |"
Story,[debt] C2: catalog HeaderAuthFilter สำเนาเอง (ไม่ใช้ common),,P1 แก่น marketplace,tech-debt,Done,"🔧 **catalog · BE** · 🟢 low

**ปัญหา (อธิบายง่ายๆ):** HeaderAuthFilter คือคลาสที่อ่าน header ที่ gateway ยัดมา (เช่น user id / role) เพื่อให้ service รู้ว่าใครเรียก API service catalog ดันเขียนคลาสนี้ซ้ำเป็นของตัวเอง แทนที่จะใช้ตัวกลางที่ module common มีอยู่แล้ว พอมี 2 ก๊อปปี้ วันหน้าแก้ที่หนึ่งแล้วลืมอีกที่ พฤติกรรม auth จะเพี้ยนไปคนละทาง

**วิธีแก้:** ลบคลาส HeaderAuthFilter สำเนาใน catalog ทิ้ง แล้ว import ใช้ common.HeaderAuthFilter แทน

**✅ Acceptance — ถือว่าเสร็จเมื่อผ่านทุกข้อ**

| # | ทดสอบอะไร (สถานการณ์) | ✅ ผ่าน | ❌ ไม่ผ่าน |
| --- | --- | --- | --- |
| 1 | grep หา class HeaderAuthFilter ในโค้ด catalog (ไม่นับตัวที่ import มาจาก common) | เจอ 0 คลาสสำเนา | ยังเจอตั้งแต่ 1 คลาสขึ้นไป |
| 2 | เช็ค import ในไฟล์ที่ใช้ filter | ชี้ไปที่ common.HeaderAuthFilter | ยังชี้ไป package ของ catalog |
| 3 | รัน auth/role test suite เดิมของ catalog | เขียวทุก test (fail = 0) | มี test แดงตั้งแต่ 1 ขึ้นไป |
| 4 | ยิง request มี header user+role ถูกต้อง | ตอบ 200 และอ่าน role ได้ตรง | 401/500 หรืออ่าน role ผิด |
| 5 | ยิง request ที่ไม่มี header auth | ถูกปฏิเสธ 401/403 เหมือนพฤติกรรม common | หลุดเข้าถึง endpoint ได้ |"
Story,[debt] C3: catalog browse/listMine N+1,,P1 แก่น marketplace,tech-debt,To Do,"🔧 **catalog · BE** · 🟢 low

**ปัญหา (อธิบายง่ายๆ):** เวลาโหลดรายการสินค้า 20 ชิ้น โค้ดยิง query 1 ครั้งเพื่อดึงลิสต์ แล้วยิงเพิ่มอีกทีละชิ้นเพื่อดึงข้อมูลย่อย (รูป/หมวด/ผู้ขาย) รวมกลายเป็น ~21 query — ยิ่งสินค้าเยอะยิ่งช้า (เรียกอาการนี้ว่า N+1).

**วิธีแก้:** ใช้ join projection หรือ batch fetch ให้ดึงข้อมูลครบในไม่กี่ query.

**✅ Acceptance — ถือว่าเสร็จเมื่อผ่านทุกข้อ**

| # | ทดสอบอะไร (สถานการณ์) | ✅ ผ่าน | ❌ ไม่ผ่าน |
| --- | --- | --- | --- |
| 1 | browse สินค้า 20 ชิ้น แล้วนับ query ด้วย Hibernate statistics | query count ≤ 3 | query count มากกว่า 3 (เช่น ~21 แบบเดิม) |
| 2 | listMine (สินค้าของผู้ขายคนเดียว) 20 ชิ้น นับ query ด้วย Hibernate statistics | query count ≤ 3 | query count มากกว่า 3 |
| 3 | เทียบ browse 20 ชิ้น กับ browse 50 ชิ้น ดูว่า query count โตตามจำนวนสินค้าไหม | query count คงที่ ไม่เพิ่มตามจำนวนสินค้า | query count เพิ่มขึ้นตามจำนวนสินค้า |
| 4 | ดูข้อมูลที่คืนกลับหลังแก้ เทียบกับก่อนแก้ | สินค้าทุกชิ้นมีรูป/หมวด/ผู้ขายครบเหมือนเดิม | ข้อมูลย่อยหาย/ผิดจากเดิม |"
Story,[debt] I1: common แค่ mavenLocal (ยัง GitHub Packages),,P0 รากฐาน,tech-debt,To Do,"🔧 **common · Infra** · 🟢 low

**ปัญหา (อธิบายง่ายๆ):** โค้ดส่วนกลาง (common) ที่ repo อื่นเรียกใช้ ตอนนี้ถูกเก็บไว้แค่ในเครื่องคนที่ build เอง (mavenLocal) ยังไม่ได้อัปขึ้น GitHub Packages ให้ทุกคนดึงได้ ใครที่ไม่เคย install common ในเครื่องตัวเอง จะ build repo ที่พึ่ง common ไม่ผ่านเลย.

**วิธีแก้:** publish common ขึ้น GitHub Packages แล้วตั้งค่า auth ให้ CI ดึงได้.

**✅ Acceptance — ถือว่าเสร็จเมื่อผ่านทุกข้อ**

| # | ทดสอบอะไร (สถานการณ์) | ✅ ผ่าน | ❌ ไม่ผ่าน |
| --- | --- | --- | --- |
| 1 | เข้าหน้า GitHub Packages ของ org ดูว่ามี artifact common เวอร์ชันล่าสุด | เจอ common version ตรงกับที่ประกาศ | ไม่มี common ใน registry |
| 2 | เครื่องสะอาด (ลบ ~/.m2 ทิ้ง / ไม่มี mavenLocal) build repo ที่ depend common | build ผ่าน + log บอก resolve common จาก GitHub Packages | build fail หา common ไม่เจอ |
| 3 | รัน CI pipeline ของ repo ที่ depend common (⚠️ ต้องรันบน runner จริง ไม่ใช่แค่ในเครื่อง) | job เขียว resolve จาก GitHub Packages ด้วย auth ที่ตั้งไว้ | job แดง 401/403 หรือ dependency not found |
| 4 | ลอง build ใน CI โดยจงใจไม่ใส่ credential | fail แบบชัดเจนว่า auth ไม่ผ่าน (พิสูจน์ว่าดึงจาก remote จริง ไม่ใช่ mavenLocal) | build ผ่านทั้งที่ไม่มี auth (แปลว่ายังใช้ cache/mavenLocal อยู่) |"
Story,[debt] SD1: social outbound best-effort (ไม่มี retry/outbox),,P3 omnichannel social,tech-debt bug,Done,"🔧 **social · BE** · 🟡 medium

**ปัญหา (อธิบายง่ายๆ):** ตอนระบบส่งข้อความออกไปหา Facebook/โซเชียล มันลองส่งแค่ครั้งเดียว (best-effort) ถ้าส่งไม่สำเร็จก็ปล่อยเลย ไม่ลองใหม่และไม่จดบันทึกไว้ ถ้าฝั่งโซเชียลล่มหรือมีปัญหาชั่วคราว ข้อความนั้นจะหายเงียบ ไม่มีใครรู้ว่ามันไม่ถึงปลายทาง.

**วิธีแก้:** เก็บข้อความลง outbox ก่อนแล้วมี retry ส่งซ้ำ หรืออย่างน้อย mark ว่าส่งไม่สำเร็จเพื่อไม่ให้หายเงียบ.

**✅ Acceptance — ถือว่าเสร็จเมื่อผ่านทุกข้อ**

| # | ทดสอบอะไร (สถานการณ์) | ✅ ผ่าน | ❌ ไม่ผ่าน |
| --- | --- | --- | --- |
| 1 | จำลองให้ส่งล้ม 2 ครั้งแรก แล้วสำเร็จครั้งที่ 3 | outbound_log ตัวนั้น status=sent, ข้อความถึงปลายทาง 1 ข้อความ | ยอมแพ้ตั้งแต่ครั้งแรก หรือ status ยังค้างไม่เป็น sent |
| 2 | จำลองฝั่งโซเชียลล่มทั้งหมด (retry แล้วก็ยังส่งไม่ได้) | มี record ค้างใน outbox status=pending/failed, นับข้อความหายเงียบ = 0 | ไม่มี record เลย ข้อความหายไปเฉยๆ |
| 3 | หลังโซเชียลกลับมาปกติ ให้ retry ทำงานอีกรอบ | record ที่ค้าง status เปลี่ยนเป็น sent อัตโนมัติ | record ยังค้างตลอด ไม่ถูกส่งซ้ำ |
| 4 | ยิงส่ง 100 ข้อความรวด โดยแกล้งให้ล้มสุ่มๆ (คำเตือน: ต้องรัน integration/e2e กับตัว retry จริง) | สุดท้ายทุกข้อความมี status=sent, จำนวนข้อความหายเงียบ = 0 | มีบางข้อความค้างหรือหายโดยไม่มี log |"
Story,[debt] SD2: webhook ไม่เช็ค X-Hub-Signature-256,,P3 omnichannel social,tech-debt bug,Done,"🔧 **social · BE (security)** · 🟡 medium

**ปัญหา (อธิบายง่ายๆ):** Facebook ยิง event เข้ามาที่ webhook ของเรา แต่ตอนนี้เรารับทุก request ที่เข้ามาโดยไม่เช็คว่ามาจาก Facebook จริงหรือเปล่า ทำให้ใครก็ได้ยิง POST ปลอมเข้ามาแล้วเราบันทึกเป็นข้อความจริง

**วิธีแก้:** verify ลายเซ็น HMAC-SHA256 จาก header `X-Hub-Signature-256` ด้วย app secret ก่อนรับ payload

**✅ Acceptance — ถือว่าเสร็จเมื่อผ่านทุกข้อ**

| # | ทดสอบอะไร (สถานการณ์) | ✅ ผ่าน | ❌ ไม่ผ่าน |
| --- | --- | --- | --- |
| 1 | ยิง webhook พร้อม signature ที่ถูก (HMAC จาก app secret จริง) | ตอบ 200 + บันทึกข้อความ 1 record | ไม่ตอบ 200 หรือไม่บันทึก |
| 2 | ยิง webhook ที่ signature ผิด (มั่วค่า) | status ไม่ใช่ 2xx (เช่น 401/403) + บันทึก 0 record | ตอบ 2xx หรือมี record ถูกบันทึก |
| 3 | ยิง webhook ที่ไม่มี header X-Hub-Signature-256 เลย | status ไม่ใช่ 2xx + บันทึก 0 record | ตอบ 2xx หรือมี record ถูกบันทึก |
| 4 | ยิง body เดิมแต่แก้ 1 ตัวอักษร (signature เดิม) | status ไม่ใช่ 2xx + บันทึก 0 record | ตอบ 2xx หรือมี record ถูกบันทึก |"
Story,[debt] SD6: page token เป็น mock string,,P3 omnichannel social,tech-debt,To Do,"🔧 **social · BE** · 🟡 medium

**ปัญหา (อธิบายง่ายๆ):** ตอนนี้เวลาเชื่อมเพจ Facebook ระบบไม่ได้เก็บ Page Access Token จริง แต่ hardcode เป็นคำว่า 'mock' ไว้เฉยๆ เลยเอาไปยิง Graph API ของ FB จริงเพื่อส่ง/รับข้อความไม่ได้เลย

**วิธีแก้:** ทำ OAuth flow ให้แลก code เป็น real Page Access Token แล้วเก็บลง page_connection (ส่วน Graph endpoint ยัง mock ได้จนกว่าจะต่อ Meta จริง)

**✅ Acceptance — ถือว่าเสร็จเมื่อผ่านทุกข้อ**

| # | ทดสอบอะไร (สถานการณ์) | ✅ ผ่าน | ❌ ไม่ผ่าน |
| --- | --- | --- | --- |
| 1 | เชื่อมเพจผ่าน OAuth flow (mock Graph exchange) แล้วเปิดดู row ใน page_connection | page_access_token = ค่าที่ได้จาก OAuth exchange ไม่ใช่คำว่า 'mock' | ยังเก็บ literal 'mock' |
| 2 | ตรวจ field page_access_token ของ connection ที่เพิ่งสร้าง | ความยาวมากกว่า 0 และค่าไม่เท่ากับ 'mock' | ค่าว่าง หรือเท่ากับ 'mock' |
| 3 | [partial จน Meta จริง — ยังใช้ mock Graph] เรียก exchange ด้วย code ต่างกัน 2 อัน แล้วเทียบ token ที่ได้ | ได้ token 2 ค่าที่ต่างกัน (มาจาก flow จริง ไม่ hardcode) | ได้ค่าเดิมเท่ากันทุกครั้ง (hardcode) |"
Story,[debt] SD7: inbound display_name เป็น mock,,P3 omnichannel social,tech-debt,To Do,"🔧 **social · BE** · 🟢 low

**ปัญหา (อธิบายง่ายๆ):** เวลาลูกค้าทักแชทเข้ามาจาก Facebook ระบบยังไม่ได้ไปเอาชื่อจริงของลูกค้ามาแสดง เลยตั้งชื่อห้องแชทเป็น 'FB <เลข id ยาวๆ>' ทำให้แอดมินมองไม่ออกว่ากำลังคุยกับใคร.

**วิธีแก้:** ตอนรับข้อความเข้า (inbound) ให้เรียก Graph API (ตอนนี้ mock ไว้) เอาชื่อจริงมาใส่ conversation.display_name แทน 'FB <id>'.

**✅ Acceptance — ถือว่าเสร็จเมื่อผ่านทุกข้อ**

| # | ทดสอบอะไร (สถานการณ์) | ✅ ผ่าน | ❌ ไม่ผ่าน |
| --- | --- | --- | --- |
| 1 | ยิง inbound เข้ามา 1 ข้อความ โดย Graph API (mock) คืนชื่อ ""สมชาย ใจดี"" | conversation.display_name = ""สมชาย ใจดี"" | ยังเป็น ""FB 123456..."" |
| 2 | ยิง inbound จากลูกค้า 3 คน แล้วเช็ค display_name ทุกห้อง | ไม่มีห้องไหน display_name ขึ้นต้นด้วย ""FB "" (ครบทั้ง 3 ห้องเป็นชื่อจริง) | มีอย่างน้อย 1 ห้องขึ้นต้น ""FB "" |
| 3 | จำลอง Graph API (mock) ตอบ error / ไม่คืนชื่อ | service ไม่ crash + fallback เป็น ""FB <id>"" ตามเดิม | service พัง (500) หรือ display_name ว่างเปล่า |"
Story,[debt] SD8: webhook ไม่ dedup message id (mid),,P3 omnichannel social,tech-debt bug,Done,"🔧 **social · BE** · 🟢 low

**ปัญหา (อธิบายง่ายๆ):** Meta (Facebook) ยิง webhook เข้ามาบอกว่ามีข้อความใหม่ แต่บางครั้งมันยิงเรื่องเดิมซ้ำหลายรอบ (event เดียวกัน คือ mid เดียวกัน) ตอนนี้เราบันทึกลง DB ทุกครั้งที่ยิงมา เลยได้ข้อความซ้ำโผล่ในแชท.

**วิธีแก้:** เก็บ mid (message id) ที่เคยรับแล้วไว้ ถ้าเจอ mid ซ้ำให้ข้าม ไม่ insert.

**✅ Acceptance — ถือว่าเสร็จเมื่อผ่านทุกข้อ**

| # | ทดสอบอะไร (สถานการณ์) | ✅ ผ่าน | ❌ ไม่ผ่าน |
| --- | --- | --- | --- |
| 1 | POST webhook ด้วย mid เดียวกัน 2 ครั้งติดกัน | ข้อความใน DB มี 1 แถว (count=1) | มีข้อความซ้ำ (count=2 หรือมากกว่า) |
| 2 | POST webhook ด้วย mid คนละอัน 2 ครั้ง | ข้อความใน DB มี 2 แถว (count=2) | dedup พลาด บันทึกเหลือแค่ 1 |
| 3 | ครั้งที่ 2 (mid ซ้ำ) ดู HTTP response | ตอบ 200 OK ปกติ ไม่ error (Meta จะได้ไม่ยิงซ้ำเพราะคิดว่าล้มเหลว) | ตอบ 500 หรือ error จน Meta retry ซ้ำอีก |"
Story,[debt] SDc1: FB OAuth state ไม่ validate (CSRF),,P3 omnichannel social,tech-debt,Done,"🔧 **auth · BE (security)** · 🟢 low

**ปัญหา (อธิบายง่ายๆ):** ตอนล็อกอินด้วย Facebook เราจะส่งค่าสุ่มชื่อ `state` ไปกับ FB แล้ว FB ต้องส่งค่าเดิมกลับมาที่หน้า callback ของเรา แต่ตอนนี้เราไม่ได้เช็คว่า `state` ที่ส่งกลับมาตรงกับที่เราส่งไปไหม ทำให้ผู้ไม่หวังดีปลอมคำขอ callback มาสวมรอยล็อกอินให้เหยื่อได้ (CSRF).

**วิธีแก้:** ตอนเริ่มล็อกอินให้เก็บ `state` ไว้ (cookie หรือ store ฝั่งเซิร์ฟเวอร์) แล้วตอน callback เอามาเทียบ ถ้าไม่ตรงหรือหมดอายุให้ปฏิเสธ.

**✅ Acceptance — ถือว่าเสร็จเมื่อผ่านทุกข้อ**

| # | ทดสอบอะไร (สถานการณ์) | ✅ ผ่าน | ❌ ไม่ผ่าน |
| --- | --- | --- | --- |
| 1 | ยิง callback ด้วย `state` ที่ไม่ตรงกับที่ระบบเก็บไว้ | ตอบ 400/401 + ไม่ออก token | ออก token ให้ |
| 2 | ยิง callback โดยไม่มีพารามิเตอร์ `state` เลย | ตอบ 400/401 + ไม่ออก token | ผ่านเข้าไปได้ |
| 3 | ใช้ `state` ที่ถูกต้องแต่หมดอายุแล้ว (รอเกินเวลา TTL) | ตอบ 400/401 + ไม่ออก token | ยังออก token ได้ |
| 4 | ล็อกอินปกติ: `state` ตรง + ยังไม่หมดอายุ | สำเร็จ + ออก token 1 ใบ | ถูกปฏิเสธทั้งที่ควรผ่าน |
| 5 | ใช้ `state` เดิมซ้ำครั้งที่ 2 (ควรใช้ได้ครั้งเดียว) | ครั้งที่ 2 ถูกปฏิเสธ 400/401 | ใช้ซ้ำได้เรื่อยๆ |"
Story,"[debt] CD1: catalog slug heuristic (ASCII/Thai, blank->shop)",,P1 แก่น marketplace,tech-debt,To Do,"🔧 **catalog · BE** · 🟢 low

**ปัญหา (อธิบายง่ายๆ):** ตอนนี้ระบบสร้าง ""slug"" (ชื่อร้านที่ไปโผล่บน URL เช่น /shop/xxx) จากชื่อร้าน แต่โค้ดรองรับแค่ตัวอังกฤษ พอเจอชื่อร้านเป็นภาษาไทยล้วนมันแปลงไม่ได้ เลยตั้งให้เป็นคำว่า ""shop"" ทุกร้าน ร้านที่ 2 ก็ได้ ""shop-2"" ไปเรื่อยๆ อ่านไม่รู้เรื่องว่าร้านอะไร

**วิธีแก้:** ทำ transliteration ไทย→อังกฤษให้ slug อ่านออก หรือเปิดช่องให้ผู้ขายพิมพ์ slug เองตอนสร้างร้าน

**✅ Acceptance — ถือว่าเสร็จเมื่อผ่านทุกข้อ**

| # | ทดสอบอะไร (สถานการณ์) | ✅ ผ่าน | ❌ ไม่ผ่าน |
| --- | --- | --- | --- |
| 1 | สร้างร้านชื่อไทยล้วน ""ร้านกาแฟดอย"" | slug อ่านออก สื่อถึงชื่อร้าน (เช่น ran-kafae-doi) ไม่ใช่ ""shop"" | ได้ slug เป็น ""shop"" |
| 2 | สร้าง 2 ร้านชื่อไทยล้วนคนละชื่อ | slug ต่างกันและอ่านออกทั้งคู่ | ได้ ""shop"" กับ ""shop-2"" |
| 3 | ผู้ขายกรอก slug เองในฟอร์มสร้างร้าน (เช่น ""doi-coffee"") | บันทึกได้ slug ตรงตามที่กรอก | ระบบ override เป็นค่า auto ทับ |
| 4 | ตั้งชื่อร้านซ้ำ slug เดิม | ระบบเติมเลขต่อท้ายให้ไม่ชน (เช่น doi-coffee-2) | slug ชนกัน 2 ร้าน |"
Story,[debt] CMN1: header-trust model (service เชื่อ X-Auth headers),,P0 รากฐาน,tech-debt,To Do,"🔧 **gateway+all · Infra (security)** · 🟢 low

**ปัญหา (อธิบายง่ายๆ):** ตอนนี้ทุก service เชื่อ header `X-Auth-*` (เช่น user id, role) ที่ Kong gateway แปะมาให้แบบไม่ตรวจสอบ ถ้าใครยิงตรงเข้า service โดยข้าม Kong แล้วปลอม header เอง service จะเชื่อว่าเป็นคนนั้นจริงๆ ปลอมเป็น admin ก็ได้.

**วิธีแก้:** ให้ Kong กับ service คุยกันแบบยืนยันตัวตน (mTLS หรือ signed headers) service จะรับ header เฉพาะที่มาจาก Kson จริงเท่านั้น.

**✅ Acceptance — ถือว่าเสร็จเมื่อผ่านทุกข้อ**

| # | ทดสอบอะไร (สถานการณ์) | ✅ ผ่าน | ❌ ไม่ผ่าน |
| --- | --- | --- | --- |
| 1 | ยิงตรงเข้า service (ข้าม Kong) พร้อม `X-Auth-UserId` ปลอม | โดนปฏิเสธ 401/403 | service เชื่อ header ตอบ 200 |
| 2 | ยิงตรงเข้า service (ข้าม Kong) พร้อม `X-Auth-Role: admin` ปลอม แล้วเรียก endpoint admin | โดนปฏิเสธ 401/403 | ทำ action admin สำเร็จ |
| 3 | ยิง request ปกติผ่าน Kong ด้วย token ที่ถูกต้อง | ผ่านได้ตามปกติ ตอบ 200 | โดนบล็อกทั้งที่ควรผ่าน (regression) |
| 4 | (ต้องทดสอบระดับ infra/e2e) ทุก service ในระบบเปิดใช้ mTLS/signed headers ครบ ไม่มี service ไหนหลุด | ทุก service ปฏิเสธ header ที่ไม่ได้เซ็นจาก Kong | มี service อย่างน้อย 1 ตัวยังเชื่อ header ดิบ |"
Story,[debt] OD1: order tolerant cart (banned/removed product ยังโชว์),,P1 แก่น marketplace,tech-debt,Done,"🔧 **order · BE** · 🟢 low

**ปัญหา (อธิบายง่ายๆ):** ของที่ถูกหยิบใส่ตะกร้าไว้ก่อนแล้ว ถ้าทีหลังผู้ขายโดนแบนหรือสินค้าถูกลบ ตะกร้าก็ยังโชว์ของชิ้นนั้นอยู่ ผู้ซื้อกด checkout แล้วไปต่อไม่ได้ แต่ระบบไม่บอกชัดว่าชิ้นไหนมีปัญหา และเอาออกจากตะกร้าไม่ได้ — เหมือนของค้างตะกร้าที่แกะไม่ออก.

**วิธีแก้:** ตอน checkout ให้เช็คสถานะสินค้าทุกชิ้น เจอ banned/ถูกลบ ตอบ 409 พร้อมระบุ item ที่มีปัญหาชัดๆ และเปิดให้ลบออกจากตะกร้าได้ (หรือเอาออกอัตโนมัติ).

**✅ Acceptance — ถือว่าเสร็จเมื่อผ่านทุกข้อ**

| # | ทดสอบอะไร (สถานการณ์) | ✅ ผ่าน | ❌ ไม่ผ่าน |
| --- | --- | --- | --- |
| 1 | มีสินค้าใน cart แล้ว ban สินค้าชิ้นนั้น → กด checkout | HTTP 409 + body ระบุ productId ที่ถูก ban | 500 / 200 / เงียบไม่บอกว่าชิ้นไหน |
| 2 | มีสินค้าใน cart แล้วลบสินค้าชิ้นนั้นทิ้ง → กด checkout | HTTP 409 + body ระบุ item ที่ถูกลบ | 500 หรือ error ทั่วไปที่ไม่บอก item |
| 3 | cart มีของปกติ 1 ชิ้น + ของ banned 1 ชิ้น → กด checkout | 409 ระบุเฉพาะชิ้น banned, ของปกติยังอยู่ในตะกร้า | รวมเหมาของปกติเข้าไปด้วย / ของปกติหาย |
| 4 | เรียกลบ item ที่มีปัญหาออกจาก cart | 200 + item หายจาก cart (จำนวนชิ้นลดลง 1) | ลบไม่ได้ / error / cart ไม่เปลี่ยน |
| 5 | หลังเอา item มีปัญหาออกแล้ว → checkout อีกครั้ง | สำเร็จ (สร้าง order ได้) | ยังติด 409 ทั้งที่ไม่เหลือของเสียแล้ว |

**🔒 เงื่อนไขความปลอดภัย:**

| # | ยิง action ตรงจากภายนอก (ไม่ผ่านหน้าเว็บจริง) | ถูกปฏิเสธ 403 | ทำได้ = ช่องโหว่ |
| --- | --- | --- | --- |
| 1 | ยิง checkout / ลบ item ในตะกร้า ตรงจากภายนอก (ไม่ผ่านหน้าเว็บจริง) | ถูกปฏิเสธ 403 | ทำได้ = ช่องโหว่ |

(ตาม card verify web origin)"
